filename,label
fake\1.jpg,0
fake\10.jpg,0
fake\100.jpg,0
fake\101.jpg,0
fake\102.jpg,0
fake\103.jpg,0
fake\104.jpg,0
fake\105.jpg,0
fake\106.jpg,0
fake\107.jpg,0
fake\108.jpg,0
fake\109.jpg,0
fake\11.jpg,0
fake\110.jpg,0
fake\111.jpg,0
fake\112.jpg,0
fake\113.jpg,0
fake\114.jpg,0
fake\115.jpg,0
fake\116.jpg,0
fake\117.jpg,0
fake\118.jpg,0
fake\119.jpg,0
fake\12.jpg,0
fake\120.jpg,0
fake\121.jpg,0
fake\122.jpg,0
fake\123.jpg,0
fake\124.jpg,0
fake\125.jpg,0
fake\126.jpg,0
fake\127.jpg,0
fake\128.jpg,0
fake\129.jpg,0
fake\13.jpg,0
fake\130.jpg,0
fake\131.jpg,0
fake\132.jpg,0
fake\133.jpg,0
fake\134.jpg,0
fake\135.jpg,0
fake\136.jpg,0
fake\137.jpg,0
fake\138.jpg,0
fake\139.jpg,0
fake\14.jpg,0
fake\140.jpg,0
fake\141.jpg,0
fake\142.jpg,0
fake\143.jpg,0
fake\144.jpg,0
fake\145.jpg,0
fake\146.jpg,0
fake\147.jpg,0
fake\148.jpg,0
fake\149.jpg,0
fake\15.jpg,0
fake\150.jpg,0
fake\151.jpg,0
fake\152.jpg,0
fake\153.jpg,0
fake\154.jpg,0
fake\155.jpg,0
fake\156.jpg,0
fake\157.jpg,0
fake\158.jpg,0
fake\159.jpg,0
fake\16.jpg,0
fake\160.jpg,0
fake\161.jpg,0
fake\162.jpg,0
fake\163.jpg,0
fake\164.jpg,0
fake\165.jpg,0
fake\166.jpg,0
fake\167.jpg,0
fake\168.jpg,0
fake\169.jpg,0
fake\17.jpg,0
fake\170.jpg,0
fake\171.jpg,0
fake\172.jpg,0
fake\173.jpg,0
fake\174.jpg,0
fake\175.jpg,0
fake\176.jpg,0
fake\177.jpg,0
fake\178.jpg,0
fake\179.jpg,0
fake\18.jpg,0
fake\180.jpg,0
fake\181.jpg,0
fake\182.jpg,0
fake\183.jpg,0
fake\184.jpg,0
fake\185.jpg,0
fake\186.jpg,0
fake\187.jpg,0
fake\188.jpg,0
fake\189.jpg,0
fake\19.jpg,0
fake\190.jpg,0
fake\191.jpg,0
fake\192.jpg,0
fake\193.jpg,0
fake\194.jpg,0
fake\195.jpg,0
fake\196.jpg,0
fake\197.jpg,0
fake\198.jpg,0
fake\199.jpg,0
fake\2.jpg,0
fake\20.jpg,0
fake\200.jpg,0
fake\201.jpg,0
fake\202.jpg,0
fake\203.jpg,0
fake\204.jpg,0
fake\205.jpg,0
fake\206.jpg,0
fake\207.jpg,0
fake\208.jpg,0
fake\209.jpg,0
fake\21.jpg,0
fake\210.jpg,0
fake\211.jpg,0
fake\212.jpg,0
fake\213.jpg,0
fake\214.jpg,0
fake\215.jpg,0
fake\216.jpg,0
fake\217.jpg,0
fake\218.jpg,0
fake\219.jpg,0
fake\22.jpg,0
fake\220.jpg,0
fake\221.jpg,0
fake\222.jpg,0
fake\223.jpg,0
fake\224.jpg,0
fake\225.jpg,0
fake\226.jpg,0
fake\227.jpg,0
fake\228.jpg,0
fake\229.jpg,0
fake\23.jpg,0
fake\230.jpg,0
fake\231.jpg,0
fake\232.jpg,0
fake\233.jpg,0
fake\234.jpg,0
fake\235.jpg,0
fake\236.jpg,0
fake\237.jpg,0
fake\238.jpg,0
fake\239.jpg,0
fake\24.jpg,0
fake\240.jpg,0
fake\241.jpg,0
fake\242.jpg,0
fake\243.jpg,0
fake\244.jpg,0
fake\245.jpg,0
fake\246.jpg,0
fake\247.jpg,0
fake\248.jpg,0
fake\249.jpg,0
fake\25.jpg,0
fake\250.jpg,0
fake\251.jpg,0
fake\252.jpg,0
fake\253.jpg,0
fake\254.jpg,0
fake\255.jpg,0
fake\256.jpg,0
fake\257.jpg,0
fake\258.jpg,0
fake\259.jpg,0
fake\26.jpg,0
fake\260.jpg,0
fake\261.jpg,0
fake\262.jpg,0
fake\263.jpg,0
fake\264.jpg,0
fake\265.jpg,0
fake\266.jpg,0
fake\267.jpg,0
fake\268.jpg,0
fake\269.jpg,0
fake\27.jpg,0
fake\270.jpg,0
fake\271.jpg,0
fake\272.jpg,0
fake\273.jpg,0
fake\274.jpg,0
fake\275.jpg,0
fake\276.jpg,0
fake\277.jpg,0
fake\278.jpg,0
fake\279.jpg,0
fake\28.jpg,0
fake\280.jpg,0
fake\281.jpg,0
fake\282.jpg,0
fake\283.jpg,0
fake\284.jpg,0
fake\285.jpg,0
fake\286.jpg,0
fake\287.jpg,0
fake\288.jpg,0
fake\289.jpg,0
fake\29.jpg,0
fake\290.jpg,0
fake\291.jpg,0
fake\292.jpg,0
fake\293.jpg,0
fake\294.jpg,0
fake\295.jpg,0
fake\296.jpg,0
fake\297.jpg,0
fake\298.jpg,0
fake\299.jpg,0
fake\3.jpg,0
fake\30.jpg,0
fake\300.jpg,0
fake\31.jpg,0
fake\32.jpg,0
fake\33.jpg,0
fake\34.jpg,0
fake\35.jpg,0
fake\36.jpg,0
fake\37.jpg,0
fake\38.jpg,0
fake\39.jpg,0
fake\4.jpg,0
fake\40.jpg,0
fake\41.jpg,0
fake\42.jpg,0
fake\43.jpg,0
fake\44.jpg,0
fake\45.jpg,0
fake\46.jpg,0
fake\47.jpg,0
fake\48.jpg,0
fake\49.jpg,0
fake\5.jpg,0
fake\50.jpg,0
fake\51.jpg,0
fake\52.jpg,0
fake\53.jpg,0
fake\54.jpg,0
fake\55.jpg,0
fake\56.jpg,0
fake\57.jpg,0
fake\58.jpg,0
fake\59.jpg,0
fake\6.jpg,0
fake\60.jpg,0
fake\61.jpg,0
fake\62.jpg,0
fake\63.jpg,0
fake\64.jpg,0
fake\65.jpg,0
fake\66.jpg,0
fake\67.jpg,0
fake\68.jpg,0
fake\69.jpg,0
fake\7.jpg,0
fake\70.jpg,0
fake\71.jpg,0
fake\72.jpg,0
fake\73.jpg,0
fake\74.jpg,0
fake\75.jpg,0
fake\76.jpg,0
fake\77.jpg,0
fake\78.jpg,0
fake\79.jpg,0
fake\8.jpg,0
fake\80.jpg,0
fake\81.jpg,0
fake\82.jpg,0
fake\83.jpg,0
fake\84.jpg,0
fake\85.jpg,0
fake\86.jpg,0
fake\87.jpg,0
fake\88.jpg,0
fake\89.jpg,0
fake\9.jpg,0
fake\90.jpg,0
fake\91.jpg,0
fake\92.jpg,0
fake\93.jpg,0
fake\94.jpg,0
fake\95.jpg,0
fake\96.jpg,0
fake\97.jpg,0
fake\98.jpg,0
fake\99.jpg,0
real\1.jpg,1
real\10.jpg,1
real\100.jpg,1
real\101.jpg,1
real\102.jpg,1
real\103.jpg,1
real\104.jpg,1
real\105.jpg,1
real\106.jpg,1
real\107.jpg,1
real\108.jpg,1
real\109.jpg,1
real\11.jpg,1
real\110.jpg,1
real\111.jpg,1
real\112.jpg,1
real\113.jpg,1
real\114.jpg,1
real\115.jpg,1
real\116.jpg,1
real\117.jpg,1
real\118.jpg,1
real\119.jpg,1
real\12.jpg,1
real\120.jpg,1
real\121.jpg,1
real\122.jpg,1
real\123.jpg,1
real\124.jpg,1
real\125.jpg,1
real\126.jpg,1
real\127.jpg,1
real\128.jpg,1
real\129.jpg,1
real\13.jpg,1
real\130.jpg,1
real\131.jpg,1
real\132.jpg,1
real\133.jpg,1
real\134.jpg,1
real\135.jpg,1
real\136.jpg,1
real\137.jpg,1
real\138.jpg,1
real\139.jpg,1
real\14.jpg,1
real\140.jpg,1
real\141.jpg,1
real\142.jpg,1
real\143.jpg,1
real\144.jpg,1
real\145.jpg,1
real\146.jpg,1
real\147.jpg,1
real\148.jpg,1
real\149.jpg,1
real\15.jpg,1
real\150.jpg,1
real\151.jpg,1
real\152.jpg,1
real\153.jpg,1
real\154.jpg,1
real\155.jpg,1
real\156.jpg,1
real\157.jpg,1
real\158.jpg,1
real\159.jpg,1
real\16.jpg,1
real\160.jpg,1
real\161.jpg,1
real\162.jpg,1
real\163.jpg,1
real\164.jpg,1
real\165.jpg,1
real\166.jpg,1
real\167.jpg,1
real\168.jpg,1
real\169.jpg,1
real\17.jpg,1
real\170.jpg,1
real\171.jpg,1
real\172.jpg,1
real\173.jpg,1
real\174.jpg,1
real\175.jpg,1
real\176.jpg,1
real\177.jpg,1
real\178.jpg,1
real\179.jpg,1
real\18.jpg,1
real\180.jpg,1
real\181.jpg,1
real\182.jpg,1
real\183.jpg,1
real\184.jpg,1
real\185.jpg,1
real\186.jpg,1
real\187.jpg,1
real\188.jpg,1
real\189.jpg,1
real\19.jpg,1
real\190.jpg,1
real\191.jpg,1
real\192.jpg,1
real\193.jpg,1
real\194.jpg,1
real\195.jpg,1
real\196.jpg,1
real\197.jpg,1
real\198.jpg,1
real\199.jpg,1
real\2.jpg,1
real\20.jpg,1
real\200.jpg,1
real\201.jpg,1
real\202.jpg,1
real\203.jpg,1
real\204.jpg,1
real\205.jpg,1
real\206.jpg,1
real\207.jpg,1
real\208.jpg,1
real\209.jpg,1
real\21.jpg,1
real\210.jpg,1
real\211.jpg,1
real\212.jpg,1
real\213.jpg,1
real\214.jpg,1
real\215.jpg,1
real\216.jpg,1
real\217.jpg,1
real\218.jpg,1
real\219.jpg,1
real\22.jpg,1
real\220.jpg,1
real\221.jpg,1
real\222.jpg,1
real\223.jpg,1
real\224.jpg,1
real\225.jpg,1
real\226.jpg,1
real\227.jpg,1
real\228.jpg,1
real\229.jpg,1
real\23.jpg,1
real\230.jpg,1
real\231.jpg,1
real\232.jpg,1
real\233.jpg,1
real\234.jpg,1
real\235.jpg,1
real\236.jpg,1
real\237.jpg,1
real\238.jpg,1
real\239.jpg,1
real\24.jpg,1
real\240.jpg,1
real\241.jpg,1
real\242.jpg,1
real\243.jpg,1
real\244.jpg,1
real\245.jpg,1
real\246.jpg,1
real\247.jpg,1
real\248.jpg,1
real\249.jpg,1
real\25.jpg,1
real\250.jpg,1
real\251.jpg,1
real\252.jpg,1
real\253.jpg,1
real\254.jpg,1
real\255.jpg,1
real\256.jpg,1
real\257.jpg,1
real\258.jpg,1
real\259.jpg,1
real\26.jpg,1
real\260.jpg,1
real\261.jpg,1
real\262.jpg,1
real\263.jpg,1
real\264.jpg,1
real\265.jpg,1
real\266.jpg,1
real\267.jpg,1
real\268.jpg,1
real\269.jpg,1
real\27.jpg,1
real\270.jpg,1
real\271.jpg,1
real\272.jpg,1
real\273.jpg,1
real\274.jpg,1
real\275.jpg,1
real\276.jpg,1
real\277.jpg,1
real\278.jpg,1
real\279.jpg,1
real\28.jpg,1
real\280.jpg,1
real\281.jpg,1
real\282.jpg,1
real\283.jpg,1
real\284.jpg,1
real\285.jpg,1
real\286.jpg,1
real\287.jpg,1
real\288.jpg,1
real\289.jpg,1
real\29.jpg,1
real\290.jpg,1
real\291.jpg,1
real\292.jpg,1
real\293.jpg,1
real\294.jpg,1
real\295.jpg,1
real\296.jpg,1
real\297.jpg,1
real\298.jpg,1
real\299.jpg,1
real\3.jpg,1
real\30.jpg,1
real\300.jpg,1
real\31.jpg,1
real\32.jpg,1
real\33.jpg,1
real\34.jpg,1
real\35.jpg,1
real\36.jpg,1
real\37.jpg,1
real\38.jpg,1
real\39.jpg,1
real\4.jpg,1
real\40.jpg,1
real\41.jpg,1
real\42.jpg,1
real\43.jpg,1
real\44.jpg,1
real\45.jpg,1
real\46.jpg,1
real\47.jpg,1
real\48.jpg,1
real\49.jpg,1
real\5.jpg,1
real\50.jpg,1
real\51.jpg,1
real\52.jpg,1
real\53.jpg,1
real\54.jpg,1
real\55.jpg,1
real\56.jpg,1
real\57.jpg,1
real\58.jpg,1
real\59.jpg,1
real\6.jpg,1
real\60.jpg,1
real\61.jpg,1
real\62.jpg,1
real\63.jpg,1
real\64.jpg,1
real\65.jpg,1
real\66.jpg,1
real\67.jpg,1
real\68.jpg,1
real\69.jpg,1
real\7.jpg,1
real\70.jpg,1
real\71.jpg,1
real\72.jpg,1
real\73.jpg,1
real\74.jpg,1
real\75.jpg,1
real\76.jpg,1
real\77.jpg,1
real\78.jpg,1
real\79.jpg,1
real\8.jpg,1
real\80.jpg,1
real\81.jpg,1
real\82.jpg,1
real\83.jpg,1
real\84.jpg,1
real\85.jpg,1
real\86.jpg,1
real\87.jpg,1
real\88.jpg,1
real\89.jpg,1
real\9.jpg,1
real\90.jpg,1
real\91.jpg,1
real\92.jpg,1
real\93.jpg,1
real\94.jpg,1
real\95.jpg,1
real\96.jpg,1
real\97.jpg,1
real\98.jpg,1
real\99.jpg,1
